image,curve_length,chord_length,sd_theta,num_inflection_pts,num_critical_points,curvature,VTI,distance_tort
randomGaussian0Image_04R_1stHO_0.png,230.87300787718647,88.56635930193812,0.2187765953880402,27,12,0.1844346335740591,9.020794690912755,2.6067799297259158
randomGaussian0Image_04R_1stHO_1.png,85.55634918610404,81.74350127074322,0.15416041028346225,21,10,0.09305679560328772,1.6520417021416312,1.0466440494484357
randomGaussian0Image_04R_1stHO_10.png,254.69338249727244,175.72706109191037,0.23361609326536714,93,26,0.1706782485025617,9.683417320595836,1.4493691575713565
randomGaussian0Image_04R_1stHO_11.png,3962.8669319394085,177.55280904564702,0.24995236121336403,42,1,0.042448305259390674,123.92937347038817,22.319370519903156
randomGaussian0Image_04R_1stHO_12.png,99.94112549695426,90.08884503644167,0.19899748742132398,32,9,0.11604974297467643,2.0374931823174447,1.109361824502548
randomGaussian0Image_04R_1stHO_13.png,207.57612938524454,72.61542535852834,0.2893111741524334,13,5,0.05374061938746425,11.238351755130697,2.8585679745090924
randomGaussian0Image_04R_1stHO_14.png,7793.744444784948,142.44297104455524,0.2031426767298348,70,1,0.01650530570676707,151.74780687370364,54.714840526227974
randomGaussian0Image_04R_1stHO_15.png,3145.6498270809307,86.40023148117139,0.19101292158215524,48,1,0.08134486599823544,167.33220028180915,36.407886566443295
randomGaussian0Image_04R_1stHO_16.png,450.4944166259724,156.95222202950808,0.26796116052733854,64,8,0.11048977499755593,9.268407648144992,2.870264662715488
randomGaussian0Image_04R_1stHO_17.png,8451.586636155278,69.28924880528002,0.4027706513874989,68,2,0.14864409869176634,114.63351279263154,121.97544037324366
randomGaussian0Image_04R_1stHO_18.png,1403.8085637101367,30.886890422961002,0.16731080569889487,53,1,0.011985159082486544,11.655908715877374,45.449980379590414
randomGaussian0Image_04R_1stHO_19.png,2057.674594883962,189.65231345807516,0.21706328057478205,102,2,0.10342425369597102,26.716918766349977,10.849720508887096
randomGaussian0Image_04R_1stHO_2.png,343.8933251985677,251.34040662018512,0.17551390986299129,98,1,0.14294443053799907,0.24503336111908913,1.3682373233295695
randomGaussian0Image_04R_1stHO_20.png,3876.7125403349687,29.5296461204668,0.17389831930834618,50,1,0.0015304703316363808,94.50212852861131,131.28205209503156
randomGaussian0Image_04R_1stHO_21.png,172.9770317932755,106.60675400742676,0.23001284139582356,49,1,0.15430260919388156,0.44401389030601496,1.6225710406793274
randomGaussian0Image_04R_1stHO_22.png,18906.608201134826,271.67075661542964,0.23293502925866935,399,6,0.015452551031600276,101.18858471844437,69.59382907707858
randomGaussian0Image_04R_1stHO_23.png,96.98275605729683,89.47066558375433,0.22483770785305693,57,1,0.24843701472914526,0.24702725840606019,1.0839614908923458
randomGaussian0Image_04R_1stHO_24.png,227.52404658503747,121.80722474467596,0.2600973167719375,53,25,0.11499055792600482,14.005068173213838,1.867902721385845
randomGaussian0Image_04R_1stHO_25.png,992.670420333901,57.271284253105414,0.32751761111345695,40,1,0.10127639673974191,11.729492856743372,17.33277738188795
randomGaussian0Image_04R_1stHO_26.png,2366.64985512391,153.87332452377834,0.2977207377895846,78,8,0.11556220395674371,162.98996832596865,15.380507715995876
randomGaussian0Image_04R_1stHO_27.png,89.35533905932733,82.86132994346639,0.20929184511122084,22,22,0.09544286728542331,4.996711016366899,1.0783720116523787
randomGaussian0Image_04R_1stHO_28.png,231.07575566999796,129.63024338479042,0.24844825951275687,70,12,0.14332171753788608,5.899171463376485,1.782575960951333
randomGaussian0Image_04R_1stHO_29.png,602.3713389495819,195.05896544378575,0.2118320705801082,54,19,0.07064807945350028,21.174016844610094,3.088149973414987
randomGaussian0Image_04R_1stHO_3.png,113.02438661763942,105.0,0.13116626793406144,40,1,0.16150352955942482,0.1428811472997086,1.076422729691804
randomGaussian0Image_04R_1stHO_30.png,140.7873665297204,131.13733259449805,0.10707392267984973,36,3,0.12331618980701053,0.35110295977699596,1.0735872367105568
randomGaussian0Image_04R_1stHO_31.png,8352.671951185665,115.41230437002807,0.3626400711004683,157,14,0.14173183153516325,369.66312731319226,72.37245627126397
randomGaussian0Image_04R_1stHO_32.png,2116.4579424459153,34.713109915419565,0.17749377488659815,46,1,0.01242377460066289,18.83620045853256,60.96998936720978
randomGaussian0Image_04R_1stHO_4.png,317.79837137489056,130.50670480860362,0.26962072400201714,70,28,0.13988403352509277,32.7189488923316,2.435111451484137
randomGaussian0Image_04R_1stHO_5.png,104.62741699796948,99.29753269845128,0.1663234004964015,30,20,0.10465618999432544,3.5817175804661168,1.0536758986318835
randomGaussian0Image_04R_1stHO_6.png,114.01219330881973,103.75451797391764,0.20298912477048256,18,7,0.06205709854422163,1.5912767876593568,1.0988648546126996
randomGaussian0Image_04R_1stHO_7.png,309.3242881779782,73.24616030891995,0.16684628971201987,26,1,0.0527888009877442,0.8505695596737386,4.223078546006848
randomGaussian0Image_04R_1stHO_8.png,94.45584412271569,87.82368700982668,0.18228631227626987,32,10,0.12591194331100233,1.9767348235486961,1.07551672377575
randomGaussian0Image_04R_1stHO_9.png,1762.0395180876192,113.26517558367179,0.24437718923841295,42,1,0.07663855367713318,53.0703365402355,15.55676322406755
randomGaussian1Image_05L_1stHO_0.png,119.01219330881968,106.89246933250256,0.20298912477048237,22,2,0.07661622965622321,0.4587658487382529,1.113382393090922
randomGaussian1Image_05L_1stHO_1.png,119.71067811865464,109.16501271011697,0.2249885212866288,42,4,0.1519294622094492,1.0053653646358625,1.0966029788000047
randomGaussian1Image_05L_1stHO_10.png,169.78079382010097,147.80054127099805,0.21344316535930477,70,11,0.17951588805698257,2.7229699747786906,1.1487156431233987
randomGaussian1Image_05L_1stHO_11.png,434.79115918893297,144.69277798148738,0.2362329638097648,70,5,0.12016293097904286,10.686017963080015,3.0049264742471253
randomGaussian1Image_05L_1stHO_12.png,118.35822371419317,87.29833904490967,0.2033324362199368,32,7,0.11288234297261067,2.517786965800158,1.355790098747527
randomGaussian1Image_05L_1stHO_13.png,590.284859964217,178.4432682955566,0.28805833579195794,41,13,0.1376863263597343,50.82304464619888,3.3079693372715235
randomGaussian1Image_05L_1stHO_14.png,3979.5117511173594,160.3277892319357,0.2844052425990423,56,1,0.032370108097285556,28.754777904755198,24.82109789064989
randomGaussian1Image_05L_1stHO_15.png,926.0306828439457,145.2067491544384,0.20534011607133779,38,1,0.05470980748106848,6.655639650194527,6.3773253532385175
randomGaussian1Image_05L_1stHO_16.png,1169.560187385029,76.6550715869472,0.2291860390140313,36,1,0.10680773717187426,8.168754901048263,15.257440416821439
randomGaussian1Image_05L_1stHO_17.png,3299.5100283915467,331.94125986385,0.22703000119375388,72,2,0.04742458412812763,37.80341635753078,9.9400418909806
randomGaussian1Image_05L_1stHO_18.png,676.4136474767045,40.162171256046406,0.22561819835513808,24,1,0.03558297676484711,22.76284533663129,16.842058741405086
randomGaussian1Image_05L_1stHO_19.png,1135.2233669356383,161.44968256394932,0.3291914611544193,70,19,0.1393602881636393,162.99749729769155,7.03143759038351
randomGaussian1Image_05L_1stHO_2.png,336.65180361560965,312.2178726466504,0.19179199553206852,84,55,0.09541441933690306,11.431049715210388,1.0782592321247801
randomGaussian1Image_05L_1stHO_20.png,9201.427158079698,289.88618456214846,0.19882756760220485,88,1,0.10515220517127917,126.2822054126778,31.741516664472194
randomGaussian1Image_05L_1stHO_21.png,373.0224814313446,66.24198064671678,0.3623771116285823,48,11,0.06687019425179394,27.900858656704344,5.631209661751457
randomGaussian1Image_05L_1stHO_22.png,1419.4805127353,128.50291825480073,0.22189352224182177,65,2,0.07438915376557306,21.079764772776617,11.04629009218839
randomGaussian1Image_05L_1stHO_23.png,16143.762638320433,224.1539649437413,0.14847845405101104,206,1,0.04975437860838153,63.83954740416985,72.02086584715212
randomGaussian1Image_05L_1stHO_24.png,417.3673013755022,192.81597444195333,0.26855831479788717,132,46,0.19415042171257577,31.22830711099994,2.1645888136781397
randomGaussian1Image_05L_1stHO_25.png,573.2663717666295,280.40149785619906,0.21031619897921305,144,10,0.13748501805457064,5.030107338039963,2.0444483219580487
randomGaussian1Image_05L_1stHO_26.png,373.4119995012737,76.94153624668537,0.24235724067884706,31,7,0.12343878402046425,56.69264360604616,4.853191367326777
randomGaussian1Image_05L_1stHO_27.png,148.5685424949238,132.13629327327143,0.2068056939286787,68,32,0.17700140714032295,7.490833603026638,1.1243583334645901
randomGaussian1Image_05L_1stHO_28.png,156.5391052434009,135.67977004697494,0.22396833424571772,58,32,0.14646659823583943,8.382864788115938,1.1537394645436387
randomGaussian1Image_05L_1stHO_29.png,3161.993408918005,204.63626267111115,0.27238123964112365,90,4,0.11906469351538604,290.7977665494988,15.451774615332578
randomGaussian1Image_05L_1stHO_3.png,194.2764824477492,135.72398461583714,0.23282226286704422,50,15,0.09515314569182177,5.060696276105877,1.4314086268366142
randomGaussian1Image_05L_1stHO_30.png,153.62236636408613,144.3606594609487,0.152639725762604,54,1,0.16045274164965137,0.1643329569944267,1.0641567234295077
randomGaussian1Image_05L_1stHO_31.png,95.04163056034258,88.0056816347672,0.17356257356397073,29,11,0.11465372108221755,2.09241327067187,1.0799488032463098
randomGaussian1Image_05L_1stHO_4.png,210.69491861333546,115.91807451816995,0.2615091706493106,81,63,0.22733778187273296,34.46671285440454,1.8176192064017542
randomGaussian1Image_05L_1stHO_5.png,110.78174593052015,103.1746092796091,0.0996612872482639,28,4,0.11871755315800231,0.43498752052155437,1.0737307047152975
randomGaussian1Image_05L_1stHO_6.png,205.2497833620559,188.66107176627614,0.15461347109416748,77,8,0.16601414269486944,1.364019005628506,1.0879286407125408
randomGaussian1Image_05L_1stHO_7.png,256.3428774486182,152.16109883935513,0.279152268474942,82,15,0.16883564023740277,8.103968726828287,1.684680771918278
randomGaussian1Image_05L_1stHO_8.png,119.68124086713176,112.60550608207397,0.05668729603480636,59,1,0.2164142383183062,0.06041484439035929,1.062836490250313
randomGaussian1Image_05L_1stHO_9.png,129.2375900532358,122.61321299109652,0.1941814905444404,36,1,0.12430592362591301,0.20791138529121683,1.0540266167123467
randomGaussian1Image_05R_1stHO_0.png,3587.1719713898074,120.93386622447825,0.40218569890134886,90,3,0.025973514853662866,36.73014798103316,29.662261559812162
randomGaussian1Image_05R_1stHO_1.png,144.72792206135784,141.088624630053,0.11000226344434523,18,14,0.0435070732690697,1.5834382079638498,1.0257944071738412
randomGaussian1Image_05R_1stHO_10.png,3913.747737043276,112.25862995778988,0.12376738352513826,98,1,0.038419555255136364,29.199527862383945,34.86366917639094
randomGaussian1Image_05R_1stHO_11.png,836.291752944753,131.03434664239754,0.2417702527429315,32,2,0.05795829741488072,14.83072389540451,6.382233165378046
randomGaussian1Image_05R_1stHO_12.png,112.25483399593898,103.4456378974,0.2104697618689132,52,2,0.1795530007929854,0.4626424139979493,1.0851577338357772
randomGaussian1Image_05R_1stHO_13.png,1764.5475124709021,144.66858677681205,0.16986541052623227,84,1,0.07875028448369863,11.38322141809672,12.19717114672008
randomGaussian1Image_05R_1stHO_14.png,587.299347542693,115.37764081484765,0.2764971477952169,46,2,0.0680074089747343,5.0079316248386165,5.090235364451264
randomGaussian1Image_05R_1stHO_15.png,1274.5076663684538,117.34564329364768,0.3277556008008049,56,6,0.1619957810659552,54.568121561626796,10.86114175691299
randomGaussian1Image_05R_1stHO_16.png,224.56964675389776,87.23531395025755,0.17853314694137343,36,1,0.12384299002183449,0.4739626576098476,2.5742974557522613
randomGaussian1Image_05R_1stHO_18.png,10347.277318576927,77.07788269017254,0.3736272486145707,61,1,0.4714797633650994,1420.0009707791585,134.2444415626924
randomGaussian1Image_05R_1stHO_19.png,1693.140854094143,95.0789145920377,0.1876496297500314,58,1,0.08338515722277967,30.785468691665947,17.807742771980838
randomGaussian1Image_05R_1stHO_2.png,206.92388155425155,180.70141117323905,0.22034064963572295,87,4,0.16635851727962034,1.016755666018341,1.1451149175358288
randomGaussian1Image_05R_1stHO_20.png,694.1820365491733,21.633307652783937,0.28245724316578935,14,1,0.04167250992901948,101.91132991609152,32.0885759908213
randomGaussian1Image_05R_1stHO_21.png,3113.3791561937364,72.2357252334328,0.3703932840833042,102,3,0.024403329511692974,48.77873841567056,43.100268546245225
randomGaussian1Image_05R_1stHO_22.png,219.06601717798227,202.4080037943164,0.05127781996092073,90,1,0.1638060319981033,0.05691963456683347,1.0822991831913598
randomGaussian1Image_05R_1stHO_23.png,759.0715322488401,221.41589825484527,0.33962737420592876,124,12,0.08874944899693403,16.530653101505784,3.4282611963805953
randomGaussian1Image_05R_1stHO_24.png,607.3867567868236,150.0,0.15875128939135733,66,1,0.13322853786671507,2.048032989987848,4.049245045245491
randomGaussian1Image_05R_1stHO_25.png,1407.0284274295552,98.47842403288143,0.30946016864530596,111,12,0.12766992121860518,64.4966509292695,14.287682213108486
randomGaussian1Image_05R_1stHO_26.png,367.34906365303294,207.44637861384805,0.24550401095067018,112,60,0.15674523458720843,26.71530728995565,1.770814540642507
randomGaussian1Image_05R_1stHO_27.png,729.279491698322,20.248456731316587,0.2418405590635855,22,1,0.06341007983884578,95.01307877799108,36.01654690900006
randomGaussian1Image_05R_1stHO_28.png,416.59409312646864,64.77653896280658,0.2502196747416237,18,1,0.06765065863740177,8.732009937269106,6.431249643727782
randomGaussian1Image_05R_1stHO_29.png,329.6948310595276,269.8332818612263,0.22769978404416163,132,52,0.15925900858163292,14.924692284449765,1.2218464260056985
randomGaussian1Image_05R_1stHO_3.png,115.78174593052013,108.04628637764465,0.22120895710959596,66,10,0.24467834391397456,2.4048186013004584,1.0715939419318719
randomGaussian1Image_05R_1stHO_30.png,1100.2965894078109,83.48652585896721,0.26300818101852097,66,1,0.14275477102843892,7.560997527333988,13.179331372184881
randomGaussian1Image_05R_1stHO_31.png,173.95331880577422,139.01438774457844,0.2200331720267619,40,15,0.08963929739028319,4.2231184300530975,1.251333201030901
randomGaussian1Image_05R_1stHO_32.png,145.20971407068805,117.98728745080972,0.09263882574413466,76,1,0.22404746569245124,0.11622974551887412,1.2307233873075325
randomGaussian1Image_05R_1stHO_33.png,217.84062043356602,207.04105872990507,0.1612182207246896,62,21,0.1028435174225283,3.5639865690354857,1.0521614493758433
randomGaussian1Image_05R_1stHO_34.png,639.0335320042196,114.23659658795863,0.287174645624028,68,11,0.09990773241756605,46.62794295672841,5.593947571014895
randomGaussian1Image_05R_1stHO_35.png,199.23759005323635,178.53291013143766,0.15669157327357483,85,1,0.16919417382415933,0.17968565719392118,1.1159712229333836
randomGaussian1Image_05R_1stHO_36.png,189.59292911256347,177.28226081590904,0.09715903917152309,72,1,0.16799973669377666,0.10488810873291367,1.0694410610514375
randomGaussian1Image_05R_1stHO_37.png,589.2918288394384,69.92138442565336,0.3557915098999633,73,1,0.16303831468162114,3.0445887179899414,8.427919922924666
randomGaussian1Image_05R_1stHO_38.png,161.23759005323598,148.18906842274163,0.22269224668742713,52,30,0.13920149290548134,7.327194381225876,1.0880531996683493
randomGaussian1Image_05R_1stHO_4.png,181.65180361560928,168.15766411317682,0.05161395160225577,87,1,0.19852116395368025,0.056301853843278384,1.0802469490379598
randomGaussian1Image_05R_1stHO_40.png,99.76955262170043,92.72000862812729,0.2046347832625085,38,8,0.1461222410299558,1.7800794590080316,1.0760304501463842
randomGaussian1Image_05R_1stHO_5.png,192.92388155425135,178.27226368675525,0.05538461538461539,121,1,0.2502022934126961,0.06098413839740803,1.0821867494387163
randomGaussian1Image_05R_1stHO_6.png,410.3191310993127,221.11083193728885,0.2613725444700131,116,8,0.14729493763915447,4.5087372530168395,1.8557170062825634
randomGaussian1Image_05R_1stHO_7.png,175.08007165631858,146.15402833996743,0.22992589908246652,74,1,0.17734580153243176,0.2833197455157837,1.1979147865091107
randomGaussian1Image_05R_1stHO_8.png,216.18213519741005,150.6950563223625,0.2459609320655856,82,32,0.17945612148951648,12.718184007058545,1.434566869499418
randomGaussian1Image_05R_1stHO_9.png,114.11269837220806,107.28000745712129,0.09176900399654539,42,1,0.1366568327041287,0.09980550294527446,1.0636902539163016
randomGaussian2Image_06L_1stHO_0.png,93.72792206135784,90.44888059008801,0.135,18,15,0.06843809278280615,2.0984122847734734,1.0362529801350484
randomGaussian2Image_06L_1stHO_1.png,126.29646455628152,116.77756633874505,0.2239965162725589,28,25,0.08855330513196474,6.136914858320466,1.081513072381765
randomGaussian2Image_06L_1stHO_10.png,252.3632905583536,133.24038426843418,0.26393269986467965,54,13,0.13526285888414263,7.75546142516847,1.8940450520611467
randomGaussian2Image_06L_1stHO_11.png,112.89949493661165,110.22250223978767,0.14882351124738333,12,1,0.03725376304385176,0.15681717925137784,1.0242871704273253
randomGaussian2Image_06L_1stHO_12.png,165.36753236814718,152.85614151874958,0.060123839141041635,69,1,0.16681115729142468,0.06600478012049078,1.0818507566989903
randomGaussian2Image_06L_1stHO_13.png,2737.45295834885,313.6000637755037,0.21359413137693956,128,1,0.10052623649779385,5.203313141745447,8.729121178714127
randomGaussian2Image_06L_1stHO_14.png,6622.990990812308,154.6156525064652,0.34398541327167725,98,4,0.03077774157046039,198.3952631332566,42.835190897217664
randomGaussian2Image_06L_1stHO_15.png,1373.1924487550555,78.10249675906654,0.29615521040231946,51,5,0.0636207475349251,57.36782595745976,17.581927668601047
randomGaussian2Image_06L_1stHO_16.png,1460.2904129966375,93.1074647920348,0.21136640433649262,46,1,0.07414858552600112,27.4695352515156,15.683924122070641
randomGaussian2Image_06L_1stHO_17.png,140.82337649086284,132.30646242719968,0.21604723126174413,50,10,0.15381288529469025,2.3324289600722112,1.0643726232824757
randomGaussian2Image_06L_1stHO_18.png,232.7350647362947,197.59048560090133,0.2177701143744968,112,47,0.20629022263052574,12.16417371881188,1.1778657460581343
randomGaussian2Image_06L_1stHO_19.png,1068.5665813925775,35.510561809129406,0.1582405171538249,68,1,0.030559641173245104,7.790949769023975,30.091514382007322
randomGaussian2Image_06L_1stHO_2.png,93.49747468305829,86.4060183089118,0.22353512890270533,42,1,0.18447547816058996,0.24570412378689374,1.0820713245782683
randomGaussian2Image_06L_1stHO_20.png,6590.090430511169,164.17368851311102,0.13880414732305907,94,1,0.1065687377797973,90.80776265889395,40.140965889213604
randomGaussian2Image_06L_1stHO_21.png,133.11269837220806,124.57929201917949,0.17191044119506949,44,31,0.12104949021565875,5.748862137848505,1.0684977913641924
randomGaussian2Image_06L_1stHO_22.png,167.91168824543155,156.31058825300352,0.18901492956540744,59,39,0.1335743477559153,7.959732377997212,1.074218260721088
randomGaussian2Image_06L_1stHO_23.png,483.32007772303484,78.7210264160726,0.246440071783055,25,2,0.1806594829426388,16.653979224211817,6.139656705801724
randomGaussian2Image_06L_1stHO_24.png,9419.53558454612,235.93431289238112,0.12707709628617084,95,1,0.02611741050848179,55.37134757963991,39.92439874077468
randomGaussian2Image_06L_1stHO_25.png,939.3605874929499,194.164878389476,0.2927129000834217,97,49,0.2445252277830761,114.02863536277577,4.837953162717118
randomGaussian2Image_06L_1stHO_26.png,5288.4421818242745,131.88252348207476,0.2376241397389361,118,6,0.09496124828276441,135.74996288477755,40.099643547866066
randomGaussian2Image_06L_1stHO_27.png,518.503290474907,172.8120366178236,0.15860506195696583,102,1,0.12262266319351652,0.6715080281607789,3.0003887496655386
randomGaussian2Image_06L_1stHO_28.png,133.26990973812954,117.5967686630887,0.2264134155933383,52,10,0.1671677046188678,2.593631356315008,1.133278671286827
randomGaussian2Image_06L_1stHO_29.png,555.521376404205,57.55866572463264,0.3136071054429539,40,6,0.18725706271074544,56.08079305349872,9.651394267231348
randomGaussian2Image_06L_1stHO_3.png,219.27831889926708,183.19934497699495,0.2413153458601503,48,7,0.08776355943989884,2.092408718869551,1.1969383347238642
randomGaussian2Image_06L_1stHO_30.png,154.56854249492378,138.36184445142382,0.20416272838041555,56,34,0.1383193245861741,7.877670583096197,1.1171327117512504
randomGaussian2Image_06L_1stHO_31.png,333.41916064995166,157.68639763784319,0.26161606091266354,86,18,0.1232782397890683,12.455844438654614,2.1144446549899136
randomGaussian2Image_06L_1stHO_32.png,213.45904442423227,136.517398158623,0.27943463905789584,79,23,0.16466781200206798,10.85612446768883,1.5636032278919412
randomGaussian2Image_06L_1stHO_33.png,92.97056274847712,88.81441324469807,0.14882351124738322,20,6,0.08353755118352163,0.9386464545085024,1.0467958899005299
randomGaussian2Image_06L_1stHO_34.png,1827.7158551908467,48.373546489791295,0.22642244602144806,56,1,0.0653149292394429,32.89760260851632,37.78337516718081
randomGaussian2Image_06L_1stHO_4.png,224.4129518963402,117.47765745025733,0.24805046771231454,58,1,0.15202470070299479,0.5501841078910474,1.910260697795763
randomGaussian2Image_06L_1stHO_6.png,860.1680319344715,67.67569726275453,0.3319547817681595,54,8,0.1725036469752728,35.01765927013321,12.71014657735735
randomGaussian2Image_06L_1stHO_7.png,296.4469240136982,193.04144632694815,0.28204674100618177,101,26,0.16066609069718277,12.46757992544084,1.5356646443252167
randomGaussian2Image_06L_1stHO_8.png,102.39696961966993,93.94147114027967,0.22498366902556363,42,6,0.16324179287177834,1.4841556162491738,1.0900081548304044
randomGaussian2Image_06L_1stHO_9.png,179.30865786510162,162.82813024781683,0.2232610353455443,78,6,0.1842074734011565,1.481883338271379,1.1012142532878206
randomGaussian2Image_06R_1stHO_0.png,139.29646455628162,119.03780911962384,0.22146883055313757,60,22,0.17505808686010502,5.7450112025294935,1.1701867296322581
randomGaussian2Image_06R_1stHO_1.png,152.88225099390854,133.3604139165742,0.22105489951814394,58,25,0.1538128852946903,6.381371195815874,1.1463840468397657
randomGaussian2Image_06R_1stHO_10.png,151.70756437346756,84.77027781009096,0.2573301975000202,56,31,0.24294523927749057,15.909864369645407,1.7896315582843172
randomGaussian2Image_06R_1stHO_11.png,4861.69966451254,145.7840869230932,0.22335696061268012,92,1,0.12706738169095919,214.22575660099955,33.34863061616098
randomGaussian2Image_06R_1stHO_12.png,147.43860018001254,135.95587519485872,0.22487903224932068,56,2,0.151227438264802,0.49111849764133986,1.0844592039049155
randomGaussian2Image_06R_1stHO_13.png,2546.6229893596737,79.1012010022604,0.3748812044402652,116,5,0.062088098650542024,60.345549840585996,32.19449208219862
randomGaussian2Image_06R_1stHO_14.png,346.58588215236034,88.95504482602435,0.22040467586975004,26,1,0.06075419717703128,2.0799648968137077,3.896191417026463
randomGaussian2Image_06R_1stHO_15.png,2530.6577858357464,122.41323457861898,0.24147493175999812,50,1,0.08267518675707353,107.03682201970248,20.67307341846645
randomGaussian2Image_06R_1stHO_16.png,360.7953018189612,166.6433316997713,0.2580982720119049,88,24,0.1319821838833263,13.748586294507449,2.16507494262644
randomGaussian2Image_06R_1stHO_17.png,770.496464081927,57.48912940721924,0.22580730275489802,22,1,0.04332938812477417,19.597969930233397,13.402472293921559
randomGaussian2Image_06R_1stHO_18.png,223.55444496526576,194.36563482261982,0.2163685738651238,77,25,0.13348659721377426,6.294679224685797,1.1501747475539281
randomGaussian2Image_06R_1stHO_19.png,132.75835318577643,121.82774724995944,0.16840704752715818,31,8,0.10115537503891446,1.4705813327566084,1.0897218095430277
randomGaussian2Image_06R_1stHO_2.png,101.55634918610403,97.62171889492625,0.14268763762171882,20,8,0.07233899633607316,1.2214800532571184,1.0403048659224365
randomGaussian2Image_06R_1stHO_20.png,1432.8732656242155,70.8801805866774,0.19119075449610082,38,1,0.09111233269806455,38.822951363422156,20.215429105347646
randomGaussian2Image_06R_1stHO_21.png,1853.7480893888294,80.77747210701756,0.22780354224540478,91,1,0.10817830772593817,28.773031911597087,22.948825223608164
randomGaussian2Image_06R_1stHO_22.png,191.44048019822927,79.20227269466452,0.19048896533273396,25,1,0.0759123541856189,0.9215833883672854,2.4171084198083337
randomGaussian2Image_06R_1stHO_23.png,1322.4622620757398,204.78281177872327,0.20612264636054095,48,1,0.1148687274028014,8.628625985792828,6.457877253412839
randomGaussian2Image_06R_1stHO_24.png,187.02979536710686,99.24716620639605,0.2854467661160331,46,12,0.12650220289933237,8.685841608816645,1.8844849935378165
randomGaussian2Image_06R_1stHO_25.png,530.5444831468005,83.09632964216891,0.3042779477450283,24,9,0.13506404137456168,35.84844058063659,6.384692145025441
randomGaussian2Image_06R_1stHO_26.png,261.46834217020097,175.03428235634297,0.1400546268056119,34,1,0.056081361039246165,0.2603017839464454,1.4938121758221712
randomGaussian2Image_06R_1stHO_27.png,449.9515126745596,60.4648658313239,0.30666687140387006,32,1,0.12572407391295606,6.143630541597181,7.44153660953733
randomGaussian2Image_06R_1stHO_28.png,201.07821048680216,185.60711193270586,0.19532075994386353,95,58,0.2112232998059568,12.417876942221982,1.0833540180276364
randomGaussian2Image_06R_1stHO_29.png,1732.7126696732876,62.93647591023825,0.20980967318143626,38,1,0.0441363380445375,49.85410080371883,27.53113587332933
randomGaussian2Image_06R_1stHO_3.png,91.62741699796949,86.14522621712709,0.17154901848726695,19,8,0.08056865420198076,1.4877260689463163,1.0636389388197167
randomGaussian2Image_06R_1stHO_30.png,698.9885502147673,66.09841147864296,0.25308192628771503,48,8,0.05975126204896134,46.74922374227996,10.574967455013912
randomGaussian2Image_06R_1stHO_31.png,117.15432893255067,104.546640309481,0.21908835183821426,35,23,0.12181980515339477,5.68281620661611,1.120593914694419
randomGaussian2Image_06R_1stHO_32.png,128.66904755831212,111.97321108193691,0.2078268072999112,30,8,0.0831129274925696,1.928273689019665,1.1491056326334872
randomGaussian2Image_06R_1stHO_33.png,155.25483399593912,142.89856542317,0.18589448504867911,46,25,0.10914246309592929,5.100378176243838,1.086468807690113
randomGaussian2Image_06R_1stHO_34.png,901.7175772979341,43.104524124504614,0.39116173940479826,34,1,0.33948722498148376,35.939003690386336,20.919325653459982
randomGaussian2Image_06R_1stHO_35.png,267.70324548451623,18.384776310850235,0.27295611841711626,12,1,0.03327039625654439,23.03648047951173,14.561136940596034
randomGaussian2Image_06R_1stHO_36.png,10445.680734747772,93.43446901438462,0.3086700321911604,101,1,0.42212218968516363,333.660865140088,111.79686517124227
randomGaussian2Image_06R_1stHO_37.png,114.98275605729684,98.41239759298622,0.22198099528050277,26,12,0.08554739215315768,3.1398208436664476,1.1683767377850327
randomGaussian2Image_06R_1stHO_38.png,148.75375599000256,120.9297316626478,0.2545379720006282,65,27,0.18480917189645923,8.694760081180826,1.2300842311051692
randomGaussian2Image_06R_1stHO_39.png,124.71067811865467,115.39497389401325,0.06299999999999999,74,1,0.24796832743665603,0.06862636656938816,1.0807288559482462
randomGaussian2Image_06R_1stHO_4.png,119.32590180780446,109.73149046650191,0.21543558377027203,56,2,0.18397813076025088,0.4757464500790538,1.0874353506045875
randomGaussian2Image_06R_1stHO_40.png,1701.0348229777367,54.817880294662984,0.31125956946296024,40,2,0.1999236242326785,170.6483993841825,31.03065667322689
randomGaussian2Image_06R_1stHO_41.png,2523.4629921537166,99.45853407325085,0.25171167672422373,40,1,0.13118700078706455,151.41687595399384,25.37201071448726
randomGaussian2Image_06R_1stHO_42.png,219.3317781833258,83.05419917138447,0.16822737435406396,82,6,0.1570526059961317,2.8541786948662393,2.6408270788419625
randomGaussian2Image_06R_1stHO_43.png,108.26702730475868,101.82337649086284,0.16189792308735773,37,21,0.14856073799194477,3.6617379064415267,1.0632826275847773
randomGaussian2Image_06R_1stHO_5.png,2045.0082347473763,59.135437767890075,0.21623585406587004,37,1,0.07250317299855796,164.87450353695172,34.58177214776271
randomGaussian2Image_06R_1stHO_6.png,716.5144347994066,95.33624704172071,0.23573424378942476,27,2,0.16097091377978992,41.674859367732545,7.5156559759044015
randomGaussian2Image_06R_1stHO_7.png,278.5489083006214,95.13148795220224,0.20451057230063274,26,4,0.06854382132221705,2.811301463876123,2.9280411175800722
randomGaussian2Image_06R_1stHO_8.png,226.61832505503594,136.4734406395618,0.2170201098268255,56,19,0.107113803720414,7.053170570807175,1.6605306057576037
randomGaussian2Image_06R_1stHO_9.png,177.97963419966084,138.24615727028365,0.23815342606496848,62,27,0.1304195585673921,8.565853774761697,1.287411076835175
randomRotation0Image_01L_1stHO_0.png,206.8877786364696,59.033888572581766,0.23813817224436232,16,1,0.056004308648148184,1.78900418433945,3.5045595612781373
randomRotation0Image_01L_1stHO_1.png,1249.3538351581972,34.438350715445125,0.21323356824912248,28,1,0.0643722197441321,91.39605675685505,36.277981064809794
randomRotation0Image_01L_1stHO_10.png,111.22539674441612,102.41581909060729,0.09273618495495702,54,1,0.20405403014140439,0.10333639821346273,1.0860177434700298
randomRotation0Image_01L_1stHO_11.png,350.0153279617543,119.47384651043926,0.3257316237433219,64,3,0.10649442190862765,3.7999534602418232,2.929639734426488
randomRotation0Image_01L_1stHO_12.png,360.22439298372836,64.76109943476871,0.20824399300511778,28,1,0.08161548696368642,3.1846398532296347,5.562357590092616
randomRotation0Image_01L_1stHO_13.png,84.7989898732233,79.90619500389191,0.1668510970163181,19,1,0.09317649939700488,0.18180316041078298,1.0612317338986432
randomRotation0Image_01L_1stHO_14.png,345.4786698834918,80.22468448052632,0.33593572101173996,7,1,0.026879160336875478,8.018160891297454,4.306388639862498
randomRotation0Image_01L_1stHO_15.png,335.49682427728493,147.6787053031005,0.17585004648396774,74,1,0.1399471487187823,0.5759252249844938,2.271802312924538
randomRotation0Image_01L_1stHO_16.png,308.0628476909534,178.1937148162078,0.19332630577927692,110,1,0.18046122245360396,0.38999716247719074,1.728808718134054
randomRotation0Image_01L_1stHO_17.png,350.5177129361966,218.83783950679097,0.17257043696005478,124,1,0.14872034100321077,0.3145581523057959,1.6017235123787599
randomRotation0Image_01L_1stHO_18.png,1155.357184238112,59.43904440685432,0.2692424194671991,26,1,0.07098951072036142,100.49050565629193,19.437681001898476
randomRotation0Image_01L_1stHO_19.png,226.41728384117488,152.11837495845134,0.20246732559727673,82,1,0.15986084053882793,0.31419849362718777,1.4884282316519426
randomRotation0Image_01L_1stHO_2.png,204.97766944186327,168.37161280928564,0.15274075712886034,55,8,0.1287057444832007,1.5026170880215575,1.21741228240203
randomRotation0Image_01L_1stHO_20.png,448.6125941638407,100.70253224224304,0.23022954747460786,30,18,0.05068528352136306,40.59294389046544,4.454829329263432
randomRotation0Image_01L_1stHO_21.png,4200.276003012655,56.356011214421486,0.16815265842768473,52,1,0.060418181339150036,227.05945218726185,74.53110879390636
randomRotation0Image_01L_1stHO_22.png,380.7594077349611,325.0384592629002,0.22851875668491334,123,59,0.13712306743156458,16.15277871033773,1.1714287859917285
randomRotation0Image_01L_1stHO_23.png,126.94112549695423,117.27318534089538,0.1817078740156571,36,22,0.10501707340809896,4.376877060920025,1.0824394777711173
randomRotation0Image_01L_1stHO_24.png,620.2477944555134,338.61482542853906,0.2539716593551552,153,28,0.14066685699247716,13.177475072131758,1.831720727734084
randomRotation0Image_01L_1stHO_25.png,308.68715543297407,165.3027525481654,0.21853675266052297,60,10,0.11160409675317949,5.504933971637176,1.8674048113205484
randomRotation0Image_01L_1stHO_26.png,98.21171788580087,82.28000972289685,0.11464966339622278,25,1,0.11057810009867854,0.1638104397832319,1.1936279324292611
randomRotation0Image_01L_1stHO_27.png,110.95646521881883,94.36630754670864,0.22939314347282966,34,9,0.12421541852146431,2.452118052356638,1.175805942856231
randomRotation0Image_01L_1stHO_28.png,201.72574531643153,147.648230602334,0.24142706176869763,86,8,0.21641455843325041,2.9266699769000084,1.3662591450875314
randomRotation0Image_01L_1stHO_29.png,127.35533905932732,117.34564329364768,0.18445505858895067,44,12,0.1283542008321209,2.419709572901576,1.0853009577921118
randomRotation0Image_01L_1stHO_3.png,1207.6098808681177,76.02631123499285,0.29444229588927034,32,4,0.05946442650195879,91.2610301345487,15.88410461130314
randomRotation0Image_01L_1stHO_30.png,1355.2722061877682,124.00403219250575,0.3443882063722056,90,16,0.2497799030384812,127.2574734513618,10.929259171861629
randomRotation0Image_01L_1stHO_31.png,252.5375889485915,200.38463014912097,0.23899344132562253,82,57,0.13192845241036244,17.693968261681896,1.260264266579027
randomRotation0Image_01L_1stHO_32.png,4195.244218884121,68.35202996254024,0.25602288333088363,116,1,0.25722563690307043,16.193422685899986,61.37702451826654
randomRotation0Image_01L_1stHO_33.png,202.5569191514211,185.23498589629335,0.19878271642101425,52,11,0.120257755178711,2.41597385715825,1.0935132916242167
randomRotation0Image_01L_1stHO_34.png,154.48616571533705,127.534309109353,0.24769358997766716,60,1,0.16461324119163762,0.3057075341714455,1.211330243557241
randomRotation0Image_01L_1stHO_35.png,243.69669364423598,84.81155581640984,0.24809922649137903,39,18,0.11326029008881215,28.610264916479842,2.8733902037095294
randomRotation0Image_01L_1stHO_36.png,84.38477631085023,79.30952023559341,0.16151521760610177,21,6,0.0977092351738417,1.0565517552847283,1.0639930245471223
randomRotation0Image_01L_1stHO_4.png,106.4492714130962,98.32598842625484,0.1715322546665055,23,6,0.08332695615418015,1.1359868734366592,1.0826158283975338
randomRotation0Image_01L_1stHO_5.png,113.35533905932733,104.39348638684312,0.19023676651815052,41,8,0.13933637844342536,1.6706139431418756,1.0858468567595774
randomRotation0Image_01L_1stHO_6.png,255.84776310850285,234.76371099469355,0.1839646031349823,102,28,0.17171946000063928,5.690521988419276,1.089809672987687
randomRotation0Image_01L_1stHO_7.png,178.26206183404958,138.5712812959453,0.2691481074680428,65,10,0.14859844688263343,3.5223852283057115,1.2864286175815685
randomRotation0Image_01L_1stHO_8.png,191.31799528634122,108.15729286552988,0.2745228493913942,49,10,0.10969803750341216,4.946303766403494,1.7688866854702403
randomRotation0Image_01L_1stHO_9.png,132.57150248581343,64.89992295835181,0.22956893443801746,24,5,0.15685825970642636,3.1909152835405736,2.042706623409838
randomRotation0Image_01R_1stHO_0.png,114.62741699796949,108.01851693112621,0.15986105077709062,31,18,0.10120025350230098,3.0981071173357235,1.061183029119509
randomRotation0Image_01R_1stHO_1.png,383.57323708581924,300.341472327749,0.23019781163205466,172,20,0.2011610358690128,6.087981261562778,1.2771237821836448
randomRotation0Image_01R_1stHO_10.png,103.22539674441612,91.21951545584969,0.20858058244956548,52,9,0.20352611997276857,2.1530173470344467,1.1316152714533687
randomRotation0Image_01R_1stHO_11.png,228.80482483232274,133.09395177843356,0.1322579743727763,85,1,0.18409800021873354,0.2542536403612947,1.7191226331097496
randomRotation0Image_01R_1stHO_12.png,5934.361852962089,102.85912696499032,0.24164145552447486,152,2,0.14951030065105939,148.67396532848346,57.6940717665428
randomRotation0Image_01R_1stHO_13.png,1320.4036968910104,98.43271813782245,0.2755258361828546,57,1,0.11623739781775583,48.323647244750696,13.414276491300607
randomRotation0Image_01R_1stHO_14.png,1941.0920489040202,54.3415126767741,0.23751917778929843,24,1,0.03900984141664122,151.9987789999324,35.7202432043018
randomRotation0Image_01R_1stHO_15.png,226.17695539247666,62.39390995922599,0.2881179774842721,14,1,0.03977844951958482,1.6970375810769756,3.6249844823041517
randomRotation0Image_01R_1stHO_16.png,263.60501812612233,234.93190502781866,0.23070642778241512,99,27,0.17570401814553374,7.105376667670761,1.1220486127455036
randomRotation0Image_01R_1stHO_17.png,1438.0390930499966,186.07794065928394,0.26447821467155963,101,1,0.12148591945209682,6.1188779898768715,7.72815459992167
randomRotation0Image_01R_1stHO_18.png,1189.081701867961,43.93176527297759,0.26692571893777856,18,1,0.02777809766543443,64.36483363068416,27.066558661583414
randomRotation0Image_01R_1stHO_19.png,797.4670118496749,153.05227865013967,0.21510045182996268,61,1,0.11526736202071874,3.05686656579029,5.210422339889464
randomRotation0Image_01R_1stHO_2.png,124.59797974644661,116.41735265844177,0.19427751904221982,51,1,0.1571088756938622,0.2144985102698207,1.0702698257707859
randomRotation0Image_01R_1stHO_20.png,3096.640279213369,102.42070103255493,0.4000213549912946,129,20,0.06842382952092006,398.99439541912784,30.234515561742604
randomRotation0Image_01R_1stHO_21.png,244.7594967588365,108.23123393919151,0.2661716127703968,68,2,0.18339493480957508,1.4745275178209822,2.2614497483818012
randomRotation0Image_01R_1stHO_22.png,216.2999244049144,94.86832980505137,0.15716562668731515,50,1,0.13977869281359773,0.49584869334109605,2.280001396139234
randomRotation0Image_01R_1stHO_23.png,2944.963596563175,62.12889826803627,0.3807676649759438,90,3,0.032540656778511756,54.70381896878579,47.40086624195433
randomRotation0Image_01R_1stHO_24.png,118.98275605729683,109.9317970379817,0.2206323485302939,67,47,0.22287532316916495,11.301736868977672,1.0823324939934167
randomRotation0Image_01R_1stHO_25.png,145.46238021515546,90.78546139112804,0.2608672326234249,49,10,0.15650032718513784,4.908967430970308,1.6022651423058218
randomRotation0Image_01R_1stHO_26.png,257.668119052816,142.0563268566381,0.26400319937596683,86,4,0.1702852459402881,2.2115547353054255,1.8138447245144684
randomRotation0Image_01R_1stHO_27.png,151.3876744045845,125.89678312014172,0.21086575515932032,46,1,0.12293642031593312,0.25987678236996553,1.202474524389691
randomRotation0Image_01R_1stHO_28.png,138.25388188551975,112.8716084761797,0.22947726838845992,60,21,0.1856340922155569,5.9755196181225045,1.2248773961141581
randomRotation0Image_01R_1stHO_29.png,181.50029434032388,76.02631123499285,0.29468750054015486,46,7,0.13668364581074668,6.681984164999652,2.3873352710657914
randomRotation0Image_01R_1stHO_30.png,140.84350508843175,98.65596788841515,0.20934640558974496,36,4,0.16833895248879585,1.5127223226122868,1.4276227592002628
randomRotation0Image_01R_1stHO_31.png,1369.9152131241074,121.8400590938793,0.2772121969025561,40,1,0.10275229183876827,25.073751387693587,11.243553420050219
randomRotation0Image_01R_1stHO_32.png,140.35919818617748,99.28242543370907,0.169600962482371,35,2,0.11525079032658175,0.5046186917152661,1.413736596109806
randomRotation0Image_01R_1stHO_33.png,585.8227158630873,68.87670143089025,0.16704710774398326,42,1,0.08404448810610551,3.120744028723474,8.505382860863222
randomRotation0Image_01R_1stHO_4.png,1062.9815100025958,115.52056094046635,0.23688824805641479,44,2,0.17675933457457044,5.209382278938965,9.201665065930596
randomRotation0Image_01R_1stHO_5.png,140.9018750257631,108.90362712049586,0.23496333273184175,63,24,0.1936685919916694,7.558963986739201,1.293821691263441
randomRotation0Image_01R_1stHO_6.png,158.03823036588108,130.60245020672468,0.2357054056695197,48,33,0.1614349183632908,9.525985513833806,1.2100709451907643
randomRotation0Image_01R_1stHO_7.png,102.2132034355964,96.0260381354974,0.1633914849181254,28,12,0.10685947820473227,2.0900928041630573,1.064432162569996
randomRotation0Image_01R_1stHO_8.png,85.14213562373095,81.2219182240853,0.1480323621608247,20,7,0.08459708691207976,1.1079602637905408,1.0482655111497128
randomRotation0Image_01R_1stHO_9.png,196.69343417595175,170.42300314218147,0.21432621815419536,78,25,0.16276907861564696,6.284320557489266,1.1541483869513391
randomRotation1Image_02L_1stHO_0.png,81.89949493661166,79.1580697086532,0.12787942967455249,14,2,0.060736370090723996,0.26999855530658057,1.0346322900248637
randomRotation1Image_02L_1stHO_1.png,492.5981588042731,119.63277142990545,0.2549621542585896,69,2,0.12240874991379697,2.280440466755136,4.117585448506419
randomRotation1Image_02L_1stHO_10.png,161.48023074035532,146.64924138910504,0.21303637965103614,79,2,0.2098532388516704,0.47527200493043825,1.1011323973500766
randomRotation1Image_02L_1stHO_11.png,200.89444430272852,174.41330224498358,0.22185299186623555,95,22,0.1973932027948525,5.6833299957692995,1.151829830161401
randomRotation1Image_02L_1stHO_12.png,220.46265589156152,137.55726080436466,0.1109295799414523,78,1,0.18611274591320248,0.19240740941934673,1.6026973392928037
randomRotation1Image_02L_1stHO_13.png,107.15432893255064,98.48857801796105,0.09807522622966508,48,2,0.17850959990914061,0.21658001262062654,1.087987369591317
randomRotation1Image_02L_1stHO_14.png,92.59797974644663,85.07055894961546,0.2121320343559642,41,21,0.17544417382415933,4.9412658814095165,1.0884844403254645
randomRotation1Image_02L_1stHO_15.png,517.4619641545796,105.72133181151285,0.19390083918599874,36,1,0.07215073514448926,2.3866383002216316,4.89458423657721
randomRotation1Image_02L_1stHO_16.png,1792.6144128173607,74.02702209328699,0.34572392480602054,48,4,0.08060424880480145,169.3192793323875,24.215676412842235
randomRotation1Image_02L_1stHO_17.png,256.18185440777097,122.06555615733703,0.32450801414018854,66,18,0.15265624623968663,14.963164347472091,2.0987235258860744
randomRotation1Image_02L_1stHO_18.png,175.59797974644673,166.37307474468338,0.08210952344683216,48,1,0.10073262197801194,0.08857247294981659,1.055447102939703
randomRotation1Image_02L_1stHO_19.png,187.0124523160899,123.06502346320826,0.23037285517222292,68,1,0.17010043382957177,0.36833376256285943,1.5196230988571622
randomRotation1Image_02L_1stHO_2.png,130.09305153635654,99.98499887483122,0.26357316457596974,50,13,0.15786049227073962,4.499649669187237,1.3011256988582542
randomRotation1Image_02L_1stHO_20.png,182.0365799264594,166.6043216726385,0.15198412270273173,92,1,0.22281727364787549,0.1684653267422018,1.0926281989499878
randomRotation1Image_02L_1stHO_21.png,189.96551211459396,168.2973558912914,0.2103131233725425,107,14,0.23692076284719377,3.3656160012156096,1.1287492373754149
randomRotation1Image_02L_1stHO_22.png,258.9655121145942,228.55415113272392,0.22027391066718396,144,95,0.21530322348820471,23.808911981942217,1.1330597621226757
randomRotation1Image_02L_1stHO_23.png,109.52691193458118,97.8008179924892,0.1905295092331826,31,17,0.1144285568156182,3.6598773824498076,1.1198977082481305
randomRotation1Image_02L_1stHO_24.png,123.62321417924397,106.25441167311595,0.23859788660980302,51,28,0.17645036148001136,7.905657539083094,1.163464295106747
randomRotation1Image_02L_1stHO_26.png,110.811183182043,96.54014708917737,0.20745879572840006,57,22,0.2059755159598461,5.28724085885138,1.1478248844978762
randomRotation1Image_02L_1stHO_27.png,103.52033922496166,94.92101980067429,0.1919924955212241,38,2,0.13874708139985062,0.42717239295133674,1.090594469405672
randomRotation1Image_02L_1stHO_4.png,149.5783246579973,89.19641248391103,0.3060339594516712,52,10,0.17398898327704174,5.729281234360122,1.6769544928163762
randomRotation1Image_02L_1stHO_5.png,259.89622659308765,202.20039564748632,0.19203770373355217,85,8,0.15130508350366056,2.2394731899235847,1.285339851887271
randomRotation1Image_02L_1stHO_6.png,5397.305052335495,171.04970037974343,0.3197665595003245,276,7,0.06224023478877122,70.92630555776849,31.5540164078222
randomRotation1Image_02L_1stHO_7.png,162.62551277713106,146.71059948074645,0.23278969177523445,84,16,0.2184572359871666,4.178107787835496,1.1084782786841056
randomRotation1Image_02L_1stHO_8.png,309.39544071438536,141.4955829699288,0.2725891829661194,92,1,0.2170598590758621,0.7730760641428052,2.186608473708606
randomRotation1Image_02L_1stHO_9.png,225.42353189483245,175.93180496999398,0.24480199442408965,88,28,0.1688128403489428,9.034282499462924,1.281311994345079
randomRotation1Image_02R_1stHO_0.png,2400.8010376806374,60.14149981501958,0.39173501635601615,61,2,0.29063126831345,78.86994559185426,39.91920795232758
randomRotation1Image_02R_1stHO_1.png,2623.547915122033,69.18092222571191,0.36892018966344425,45,12,0.21228984379558988,465.10564429414217,37.922997131526536
randomRotation1Image_02R_1stHO_10.png,277.5116987461722,131.59027319676784,0.2240380978480051,78,5,0.17358989092539293,3.0199177929396366,2.108907383535917
randomRotation1Image_02R_1stHO_12.png,299.48919829923824,251.4358765172544,0.10181637214496835,119,6,0.17343241779847246,0.8523300383835495,1.1911156134422458
randomRotation1Image_02R_1stHO_13.png,203.96551211459402,176.70880000724355,0.22385694515685592,96,45,0.18926201996590877,11.704707900134329,1.1542464897403704
randomRotation1Image_02R_1stHO_14.png,4426.168123343264,162.1172415260018,0.32836124033177827,82,16,0.07468664519380752,1478.6351967380594,27.3022664442101
randomRotation1Image_02R_1stHO_15.png,614.1242514716424,174.77127910500627,0.19734943237800376,54,1,0.07506960900656233,1.1477853331070373,3.5138739878573735
randomRotation1Image_02R_1stHO_16.png,481.6179290052902,106.55045753069294,0.14350502833019876,55,1,0.11052520155950678,2.67080621373649,4.52009254738822
randomRotation1Image_02R_1stHO_17.png,374.2046951526976,42.579337712087536,0.3690078330776071,37,6,0.07365591249933912,23.93369337920794,8.788410418287633
randomRotation1Image_02R_1stHO_18.png,571.5945592530163,253.67104683033892,0.18191898325766942,142,1,0.176444465892238,0.7186743443962736,2.2532904972608563
randomRotation1Image_02R_1stHO_19.png,1612.3812278321222,44.01136216933077,0.2472110254308657,31,1,0.054739400977703564,195.69679873864368,36.63556746161578
randomRotation1Image_02R_1stHO_2.png,125.53910524340087,113.87712676389407,0.22457790478721903,61,37,0.20540635193681933,9.229203048834052,1.1024084362761104
randomRotation1Image_02R_1stHO_20.png,562.4991532197707,94.57801012920498,0.2020836018937748,49,4,0.1227902451336923,14.251984327117095,5.947462337718133
randomRotation1Image_02R_1stHO_21.png,237.83849123519715,95.0789145920377,0.16060573062972847,47,1,0.12684756132751945,0.5624081766216295,2.501485132173719
randomRotation1Image_02R_1stHO_22.png,313.6677974551775,197.71696942852427,0.21698557945223873,100,8,0.18076951300323263,3.686996704692759,1.5864485398587402
randomRotation1Image_02R_1stHO_23.png,953.1487983725315,259.1466766138435,0.22849352623312047,100,46,0.12369359499107248,100.26661917810654,3.6780282534466995
randomRotation1Image_02R_1stHO_24.png,119.09955295296906,109.00458705944443,0.17627197845077697,32,13,0.10016394352152475,2.5268824712038507,1.092610468658713
randomRotation1Image_02R_1stHO_25.png,163.46803743153566,147.12239802287073,0.21097651763027753,59,50,0.14547762838390993,11.855428761970387,1.1111023177186383
randomRotation1Image_02R_1stHO_26.png,218.7426483201247,130.43005788544295,0.28740311513881056,76,21,0.177212241247033,11.233446129623028,1.6770877193985985
randomRotation1Image_02R_1stHO_27.png,475.2609938711826,106.90182411914213,0.1807607903404774,57,1,0.15094282444857668,3.182014710259983,4.445770666565091
randomRotation1Image_02R_1stHO_28.png,1380.0449220862101,76.05918747922567,0.42868278762906614,36,1,0.1656253575434266,103.76552863814743,18.144355308333356
randomRotation1Image_02R_1stHO_29.png,114.44927141309617,107.20074626605917,0.1654867085839692,32,13,0.10562614895282608,2.3655749157692116,1.0676163683510844
randomRotation1Image_02R_1stHO_3.png,97.63961030678921,88.09086218218096,0.2128990757048657,50,2,0.21918197535528927,0.47629802727235476,1.1083965792599517
randomRotation1Image_02R_1stHO_30.png,138.68124086713186,124.47088012864695,0.2173987023190512,65,2,0.19782905579903914,0.4866057582263754,1.1141661465219639
randomRotation1Image_02R_1stHO_31.png,220.56636764505663,143.83671297690307,0.25686376867315025,88,7,0.19811753785800246,2.8966802084454253,1.533449722815027
randomRotation1Image_02R_1stHO_32.png,493.17957579489746,96.56603957913983,0.29588594350281905,78,41,0.1864473256143068,64.14603615828237,5.107174094995545
randomRotation1Image_02R_1stHO_33.png,88.55634918610403,84.1486779456457,0.15180672123540806,18,8,0.08153936087911302,1.2978055245244207,1.0523795661211146
randomRotation1Image_02R_1stHO_34.png,1188.7853473558664,153.44380078712857,0.3395506007985764,56,2,0.0942022575646508,29.183163106771044,7.747366405535401
randomRotation1Image_02R_1stHO_35.png,112.17447096898809,91.76055797563569,0.2214005900585005,46,4,0.16062296424721417,1.1135521341354655,1.222469364220439
randomRotation1Image_02R_1stHO_4.png,182.98275605729708,161.37224048763778,0.19485571585149875,64,23,0.13535533905932748,5.167923475153986,1.1339171811976845
randomRotation1Image_02R_1stHO_5.png,363.60366637533235,177.2004514666935,0.22466224255614797,84,67,0.1604292796474599,48.23275222863112,2.051934198619551
randomRotation1Image_02R_1stHO_6.png,120.29646455628158,105.38026380684383,0.21536684383586696,54,1,0.18457546235362834,0.24805946230992512,1.1415464358371537
randomRotation1Image_02R_1stHO_7.png,164.28606951078967,118.80235687897779,0.23314569630168935,54,4,0.15387507838359427,1.3908925626006774,1.3828519385195823
randomRotation1Image_02R_1stHO_8.png,199.61044293863765,133.41664064126334,0.09951601180598324,83,1,0.2279023414488057,0.165730268031467,1.496143524370091
randomRotation1Image_02R_1stHO_9.png,141.7523086789973,128.5496013218244,0.1783325503456674,74,18,0.22758862319709916,3.5674628405428015,1.1027051598870374
randomRotation2Image_03L_1stHO_0.png,1171.9047204740104,21.37755832643195,0.3796082116241881,28,1,0.3290671818073253,40.509607800133566,54.81939062353193
randomRotation2Image_03L_1stHO_1.png,621.440045805141,96.1041102138717,0.18403159835232719,36,1,0.09457462859698264,5.153738172308177,6.466321205432087
randomRotation2Image_03L_1stHO_10.png,191.58073580374375,169.9235122047564,0.2229781567503064,92,14,0.19326237456137002,3.546496152509005,1.1274527775349332
randomRotation2Image_03L_1stHO_11.png,244.03657992645964,212.6240814207083,0.2231808887160774,118,90,0.19531316435991106,23.151660961737846,1.1477372567390287
randomRotation2Image_03L_1stHO_12.png,138.69753269941577,120.07497657713701,0.22415467824410815,51,20,0.15392188120953784,5.2007451642492315,1.1550910660416869
randomRotation2Image_03L_1stHO_13.png,4149.603298812579,60.8276253029822,0.1989636379220091,114,1,0.00718129121542609,13.685865575785082,68.21905800437578
randomRotation2Image_03L_1stHO_14.png,145.68124086713183,135.07035203922436,0.05624291338579865,74,1,0.2104263674451729,0.06142563360933497,1.0785582377458087
randomRotation2Image_03L_1stHO_15.png,462.50765754085364,185.43192821086663,0.2747382882752406,119,71,0.17647836988079196,62.58994541661348,2.494218023850274
randomRotation2Image_03L_1stHO_16.png,99.4680374315354,90.02777349240623,0.20971219814104589,42,1,0.18846945944969642,0.23634060357247663,1.10485946250715
randomRotation2Image_03L_1stHO_17.png,212.9309596627145,168.34488409215172,0.22808781313172516,89,1,0.16586973157193477,0.2973424732030389,1.2648496021189242
randomRotation2Image_03L_1stHO_18.png,193.04554100067847,112.6454615153225,0.26703821780150716,73,15,0.1960582359005789,7.745608518049716,1.7137445078017601
randomRotation2Image_03L_1stHO_19.png,278.1265835529543,143.20963654726592,0.11908654929735439,70,1,0.17956674416568252,0.3042966663806693,1.9420940535741074
randomRotation2Image_03L_1stHO_2.png,187.89444430272832,163.68567438844488,0.22474475317931816,76,39,0.16269364142756265,10.126877254967694,1.1478979147364676
randomRotation2Image_03L_1stHO_20.png,307.0547550648467,153.44705927452634,0.2807655416155718,90,1,0.16241138352625406,0.6555982591118402,2.001046853009458
randomRotation2Image_03L_1stHO_21.png,171.31784878492553,117.38824472663352,0.2377809533351311,91,30,0.22404664261022228,10.510499438800148,1.4594123047318746
randomRotation2Image_03L_1stHO_22.png,140.18666427780784,124.03628501370073,0.10310544676726571,50,2,0.15278078400293332,0.24564406886496373,1.13020689278402
randomRotation2Image_03L_1stHO_23.png,450.54998751231625,74.79304780526061,0.29690533436154654,50,11,0.24539091438420793,22.061342820787377,6.023955444166651
randomRotation2Image_03L_1stHO_24.png,1578.36059999655,117.17508267545622,0.2395865138527182,59,1,0.07922660556735442,25.40752742540171,13.470104427988232
randomRotation2Image_03L_1stHO_25.png,3282.825889015186,51.03920062069938,0.2450024625536983,50,1,0.057412469740722505,215.27642231224888,64.31969641162068
randomRotation2Image_03L_1stHO_26.png,1029.3767035168216,36.89173349139343,0.3067867056068558,37,1,0.18891834602936122,43.94584039357972,27.902638507267966
randomRotation2Image_03L_1stHO_27.png,229.24044058620066,116.36150566231085,0.26448665037410224,77,4,0.18179809060072746,2.4371818050476137,1.9700711096973282
randomRotation2Image_03L_1stHO_29.png,3064.3981537433187,208.3698634639856,0.3131264872890255,59,4,0.07128549881243265,194.0715691429241,14.706532426523212
randomRotation2Image_03L_1stHO_3.png,101.84062043356589,92.35799911215054,0.2138904116703655,39,6,0.1538128852946903,1.4275524730183922,1.1026724421552332
randomRotation2Image_03L_1stHO_30.png,262.2705978688752,224.58851261807672,0.20646043947555373,89,29,0.1314573442385301,7.200813754970828,1.1677827811027834
randomRotation2Image_03L_1stHO_31.png,344.8477631085033,297.83384629689084,0.2232198936721748,179,82,0.20831000888516324,21.358922201420242,1.1578528343778207
randomRotation2Image_03L_1stHO_32.png,213.5222852082769,186.81541692269406,0.2310605412498224,87,15,0.16904189411764906,4.012297565766255,1.1429585883515943
randomRotation2Image_03L_1stHO_33.png,172.22539674441617,158.15182578775372,0.2032892781536815,62,48,0.13712468989670434,10.80461558641503,1.0889877235786691
randomRotation2Image_03L_1stHO_34.png,293.1427055890482,262.77366686941826,0.22411803711672335,116,63,0.15965984990791965,15.986343483465783,1.1155710885395582
randomRotation2Image_03L_1stHO_35.png,274.4751801064726,257.40629362935164,0.20612089245449663,113,78,0.18110925648783247,17.45365242390204,1.0663110689193134
randomRotation2Image_03L_1stHO_36.png,224.22754214325093,86.88498144098322,0.19123537893346196,35,1,0.10491634219809245,0.7516144448507548,2.580739944055324
randomRotation2Image_03L_1stHO_37.png,96.81118318204301,86.45229898620394,0.21293385922010347,45,23,0.19315210245926479,5.547387159901339,1.1198219632943727
randomRotation2Image_03L_1stHO_38.png,146.254833995939,133.0,0.19235193027363467,64,30,0.16161841624840173,6.421518917932313,1.0996604059845039
randomRotation2Image_03L_1stHO_39.png,195.74259975459069,170.85666507338834,0.22252788912175892,74,1,0.1558448315755252,0.2582065817619045,1.1456538711586877
randomRotation2Image_03L_1stHO_4.png,1426.7548056008993,84.40379138403677,0.272641779466583,48,2,0.06651061333687912,33.91736973285698,16.90391844021761
randomRotation2Image_03L_1stHO_40.png,139.55634918610406,135.00370365289984,0.11785113019775789,20,7,0.05423706681318204,0.865836877457829,1.0337223750906068
randomRotation2Image_03L_1stHO_41.png,118.75096219152955,101.9803902718557,0.2190828728278708,44,13,0.15458711046262558,3.4316571434759005,1.1644489874471695
randomRotation2Image_03L_1stHO_42.png,115.74011537017755,102.1077861869505,0.21884369304019485,53,11,0.18457546235362832,2.7583030814893386,1.1335092032870777
randomRotation2Image_03L_1stHO_5.png,221.82484937652464,64.8459713474939,0.29224070197777935,34,18,0.16017363642124985,34.698862413197226,3.420796153824558
randomRotation2Image_03L_1stHO_6.png,127.18376618407352,114.9826073804208,0.19131506551662053,46,23,0.1412403538010374,4.9258015356757925,1.1061130816357738
randomRotation2Image_03L_1stHO_7.png,1675.4364221584344,22.47220505424423,0.2542366670586084,40,1,0.4739964082257019,133.34409718385908,74.55594224573
randomRotation2Image_03L_1stHO_8.png,160.75096219152965,142.0563268566381,0.19732872587269334,58,24,0.1375801281713637,5.420261305017528,1.1316001599404861
randomRotation2Image_03L_1stHO_9.png,137.50966799187796,128.1288414058287,0.2229361148897435,44,8,0.13990079360478203,1.9391651151481542,1.0732140124200211
randomRotation2Image_03R_1stHO_0.png,144.94112549695421,108.07867504739313,0.19153234390281393,26,7,0.07202724201081774,1.8320563387067905,1.3410705250910662
randomRotation2Image_03R_1stHO_10.png,1083.8298331754165,77.38862965578342,0.24567399217068375,36,1,0.0858203367650421,32.88648985181995,14.005026810736654
randomRotation2Image_03R_1stHO_11.png,1471.0821670367945,42.20189569201838,0.25606647276581973,20,1,0.04273554114038315,230.41152449199194,34.85820110481481
randomRotation2Image_03R_1stHO_12.png,1334.96403285018,54.405882034941776,0.31866925192732637,49,4,0.1532804793562719,365.1286323081088,24.537126923019265
randomRotation2Image_03R_1stHO_13.png,140.63961030678928,130.034610777285,0.06633249580710798,78,1,0.21813463732701524,0.07346147000948551,1.0815552064647453
randomRotation2Image_03R_1stHO_14.png,2690.204058691043,135.79396157414365,0.24227306944571628,44,1,0.0642384931327955,142.94550238324953,19.810925519115873
randomRotation2Image_03R_1stHO_15.png,164.65180361560908,135.56548233234005,0.2203034519608478,77,22,0.1984533166659312,5.985073467740016,1.2145555106126769
randomRotation2Image_03R_1stHO_16.png,2753.377827284538,127.283148923964,0.23255572544096698,48,1,0.04441928826037265,102.85205711050833,21.631911612505295
randomRotation2Image_03R_1stHO_17.png,2306.1924184066434,64.28841264178172,0.2035312311683741,34,1,0.06693527618527967,115.99216826451901,35.87259855453056
randomRotation2Image_03R_1stHO_18.png,353.40656964110013,63.788713735268246,0.29827455695667054,30,1,0.23984691184108187,5.756598426263,5.54026800270319
randomRotation2Image_03R_1stHO_19.png,11493.71692363002,165.73774464496614,0.30229381863879234,60,1,0.021508303357259253,1001.8166932837387,69.34881941498116
randomRotation2Image_03R_1stHO_2.png,361.97812933099306,314.6823795511913,0.21230404280405046,153,81,0.16544501190903418,19.933615933321565,1.1502967844823606
randomRotation2Image_03R_1stHO_20.png,172.3902928582814,131.0267148332736,0.233641067652832,82,34,0.20400772634437142,10.6121752128968,1.3156881257203263
randomRotation2Image_03R_1stHO_21.png,214.803833950273,171.73234989366446,0.21957408661037295,86,56,0.17826402513464576,15.85622588987392,1.2508058853400545
randomRotation2Image_03R_1stHO_22.png,129.56854249492375,119.87076374162301,0.21393519321605248,69,4,0.20991435392933627,0.9479613980882682,1.0809019518237486
randomRotation2Image_03R_1stHO_23.png,145.66904755831214,134.34656675925888,0.19485571585149875,58,10,0.14735344167098566,2.162732318911716,1.0842781551637453
randomRotation2Image_03R_1stHO_24.png,171.66714333747373,157.0,0.22390009361069707,74,2,0.18729918145212243,0.49300965082443826,1.0934212951431448
randomRotation2Image_03R_1stHO_25.png,94.18376618407352,83.5224520712844,0.21076868244594596,42,31,0.1715349267295446,7.4087294515665025,1.1276460861528579
randomRotation2Image_03R_1stHO_26.png,1122.7586301314507,49.73932046178355,0.1785769884774929,46,1,0.1176255719215102,41.11713854440637,22.57285824791485
randomRotation2Image_03R_1stHO_27.png,233.92489454116202,59.682493245507096,0.26076346153334773,36,16,0.18008429565914313,30.04535134902428,3.9194893145448795
randomRotation2Image_03R_1stHO_29.png,248.97679047440045,86.37129152675674,0.1710988437194152,67,1,0.16585062270811946,0.8743792726318296,2.8826336398740846
randomRotation2Image_03R_1stHO_3.png,128.811183182043,119.03780911962384,0.21921901353398554,78,14,0.23540264651426218,3.3231391026603903,1.0821031076991485
randomRotation2Image_03R_1stHO_30.png,93.21320343559643,87.69264507357501,0.16998286267401702,24,19,0.09648950045181734,3.502590293081404,1.0629534935043825
randomRotation2Image_03R_1stHO_31.png,223.1909050939584,166.97305171793442,0.19748100188754594,75,36,0.17815593295257345,10.647713930021244,1.336688182899071
randomRotation2Image_03R_1stHO_32.png,112.88924761110695,100.08995953640904,0.22978316818203445,50,10,0.18455207228212897,2.646266998971904,1.1278778424327567
randomRotation2Image_03R_1stHO_33.png,126.19128769623408,99.08077512817509,0.2083316597777004,31,16,0.09701234578365345,4.522320295920738,1.2736203116395455
randomRotation2Image_03R_1stHO_34.png,964.2084403473082,74.46475676452586,0.2389799976325741,49,1,0.134897086770541,32.52609824756987,12.94852064576468
randomRotation2Image_03R_1stHO_35.png,870.7941369601668,46.647615158762406,0.28023746913730113,40,1,0.09468143596464564,22.14980019542899,18.667495304882582
randomRotation2Image_03R_1stHO_36.png,5853.387494402736,70.0,0.3062063217334235,94,4,0.23822940874649712,1164.5758012818942,83.61982134861051
randomRotation2Image_03R_1stHO_4.png,990.8964092434978,107.11675872616759,0.35135272840473236,62,4,0.046835581916293036,14.659140694479294,9.250619800554434
randomRotation2Image_03R_1stHO_5.png,439.16386105405286,206.196508214858,0.24180409887019472,109,53,0.21152724701066464,38.28086663694242,2.129831706929011
randomRotation2Image_03R_1stHO_6.png,221.7350647362946,202.18061232472317,0.17356257356397073,105,34,0.20380207301546457,6.532705867605534,1.0967177425507295
randomRotation2Image_03R_1stHO_8.png,112.4030141264491,99.86490875177326,0.2272957646372533,32,1,0.12053391906075898,0.25763212719576234,1.1255506617028097
randomRotation2Image_03R_1stHO_9.png,208.82788072280343,121.24768039018313,0.26725911183202766,76,19,0.1844116550392104,10.079363056950305,1.722324749230512
vImage_02L_1stHO_0.png,178.82557079348868,151.3968295572929,0.23416194357951017,63,34,0.15496546781101037,9.540996304260547,1.1811711732432015
vImage_02L_1stHO_1.png,171.9521498835568,64.77653896280658,0.18071989872709587,62,5,0.181271167812539,2.5320805653547658,2.6545436455363625
vImage_02L_1stHO_10.png,141.66904755831214,130.080744155313,0.19785198549235047,52,2,0.1438816596299938,0.4324316826224839,1.0890854636345177
vImage_02L_1stHO_11.png,178.62236636408642,166.20770138594662,0.2201896380084299,92,16,0.21923752101158667,3.8337835806901652,1.0746936807056373
vImage_02L_1stHO_12.png,92.11269837220807,83.38465086573187,0.19861437560979248,37,23,0.15681411232483058,5.094737417825538,1.1046721119037883
vImage_02L_1stHO_13.png,146.13513120613936,102.6498904042279,0.24864170927575718,36,24,0.111918127578352,8.99319538751034,1.423626763074658
vImage_02L_1stHO_14.png,272.7221803364885,164.19500601419034,0.20353189136267033,83,6,0.14528074517303047,2.3652389857459126,1.6609651350353425
vImage_02L_1stHO_15.png,7863.043046471519,142.1724305201258,0.1306532874227923,138,1,0.03982043013899349,33.50787576926429,55.306384069719016
vImage_02L_1stHO_16.png,180.0954544295049,166.388100536066,0.0558088167177687,36,1,0.08077619091919036,0.061490083974355354,1.0823818160630287
vImage_02L_1stHO_17.png,156.34589381419823,95.29428104561154,0.18730193599450537,30,6,0.1076805169894775,3.298743113768756,1.6406639737316977
vImage_02L_1stHO_18.png,92.97056274847712,88.81441324469807,0.11991120975476839,22,1,0.085569467221414,0.128774098988371,1.0467958899005299
vImage_02L_1stHO_19.png,1948.4305012060913,50.80354318352215,0.26699558274293494,32,1,0.013952092341264604,53.82018632538138,38.35225614417488
vImage_02L_1stHO_2.png,170.4433190649013,144.04513181638595,0.20994828492225945,58,14,0.1483632078634565,3.5265953543700155,1.1832633072401577
vImage_02L_1stHO_20.png,149.37913519212793,93.1933474020544,0.17165588502342854,51,1,0.15601349446887733,0.3094224047921635,1.6028948348391974
vImage_02L_1stHO_21.png,830.3645676746557,115.84903970253703,0.2639918568848488,28,1,0.13428604890795748,18.39900568209947,7.167643079362282
vImage_02L_1stHO_22.png,97.98275605729681,90.78546139112804,0.06941585107686686,31,1,0.1353553390593275,0.07617143018203175,1.0792780535108029
vImage_02L_1stHO_23.png,6917.799954322854,131.71180660821565,0.19736918337408874,186,2,0.07586190152071591,37.19489289206186,52.52224635336032
vImage_02L_1stHO_24.png,1036.8607361710442,136.4734406395618,0.17737629873322003,42,2,0.07709921100769045,11.272879497189836,7.59752763110504
vImage_02L_1stHO_25.png,99.04163056034258,93.2148056909416,0.1705656108342002,31,29,0.1115565981258194,5.403242258895311,1.0625096499017561
vImage_02L_1stHO_26.png,469.05260252292635,54.42425929675111,0.1859552009036541,32,1,0.08826988515230119,5.082487580455562,8.618447151763565
vImage_02L_1stHO_27.png,135.08326112068517,110.25878649794764,0.22001647020309026,50,2,0.13535533905932745,0.5459179757417333,1.225147359328135
vImage_02L_1stHO_28.png,1416.4056771634396,39.92492955535426,0.38437856889854866,47,7,0.040077787759528305,106.92956917152726,35.47672326383574
vImage_02L_1stHO_29.png,111.74011537017753,102.52804494381037,0.2200630236432281,44,34,0.15672723470027392,8.280908230526,1.0898492742294634
vImage_02L_1stHO_3.png,875.0243179069073,94.87360012142472,0.2758408852671307,39,17,0.07869665521718094,142.95908523276947,9.223053797758286
vImage_02L_1stHO_30.png,249.8169914327289,123.664869708418,0.24721890113785824,58,1,0.12836850341724898,0.6323423061865281,2.0201128422466095
vImage_02L_1stHO_31.png,1564.3641647918676,149.00335566691106,0.3159686913870988,112,12,0.1321423941715998,101.00688751340111,10.498851906992746
vImage_02L_1stHO_32.png,522.4708612729614,139.1402170474087,0.18687891348403973,52,1,0.09866209534611564,1.7088291731841385,3.754995301573678
vImage_02L_1stHO_33.png,109.09545442950488,104.20172743289815,0.05624291338579867,37,1,0.15465829896755454,0.059014616797287825,1.0469639718761679
vImage_02L_1stHO_34.png,533.8346488092496,130.034610777285,0.2619744915282224,56,40,0.09965011924015478,77.16994190079643,4.105327386441504
vImage_02L_1stHO_35.png,105.61017305526632,98.29038610159185,0.17056561083420022,41,17,0.16928778520036272,3.1422453506576233,1.0744710367309862
vImage_02L_1stHO_36.png,175.36742807288584,142.414886862294,0.23884506927501067,61,24,0.14234632126021504,7.113544711404067,1.2313841055286223
vImage_02L_1stHO_37.png,990.4250583256837,72.91776189653656,0.34989955183575594,35,3,0.17216743147251268,19.146404752876425,13.5827682112762
vImage_02L_1stHO_4.png,266.01096980733064,110.5350623105628,0.20616917271336507,32,5,0.10520446221311167,6.460303766484399,2.4065754724952146
vImage_02L_1stHO_5.png,120.29646455628158,111.35977729862789,0.063,50,1,0.17268882906780375,0.06905459329858073,1.080250584856044
vImage_02L_1stHO_6.png,201.79287759712366,175.31685600648902,0.23611370626894204,88,4,0.17923521788012567,1.0956538865648318,1.1510181176740626
vImage_02L_1stHO_7.png,249.01250060796204,99.56907150315303,0.3527685974496913,38,4,0.09492890633399516,5.722808142212827,2.500902105932329
vImage_02L_1stHO_8.png,249.52186130069845,217.40745157422734,0.20352491366253228,102,12,0.1635182607849136,2.8458423368186305,1.1477153128558089
vImage_02L_1stHO_9.png,319.1745122959325,193.86593305684215,0.22940118511863092,70,52,0.10146309184349563,22.403483733826235,1.6463671943969107
vImage_02R_1stHO_0.png,5123.773561642356,93.08598175880189,0.21730281401163945,113,2,0.02995787006442257,26.991745951897492,55.04344977441106
vImage_02R_1stHO_1.png,1235.9908436202263,68.0294054067798,0.21324878315834675,64,3,0.23881670520269704,47.480189654145946,18.168479295528982
vImage_02R_1stHO_10.png,2933.6688509225796,86.00581375697809,0.41599169336664366,74,4,0.02621093171806376,59.27885546981251,34.1101225925504
vImage_02R_1stHO_11.png,2779.70699538111,130.20752666416791,0.3668981257480967,86,19,0.0980429892511301,577.0927851195813,21.34828198181314
vImage_02R_1stHO_12.png,1248.5053649445958,49.64876634922564,0.2684445198225661,26,1,0.026593762604328587,16.636421043883615,25.146755030380902
vImage_02R_1stHO_13.png,4102.3116810016545,139.17614738165446,0.25593597034769766,66,1,0.12971716500907507,58.39121511701198,29.475680698015942
vImage_02R_1stHO_14.png,742.4682391765419,149.91330828182,0.17974799290542756,50,1,0.11344331817934143,3.979036972810814,4.952650619788778
vImage_02R_1stHO_15.png,156.26702730475893,130.5526713629407,0.2243333318679644,43,25,0.10932546616330303,6.767291176296618,1.1969653755328489
vImage_02R_1stHO_16.png,138.04163056034264,132.09844813622905,0.10307764064044157,28,1,0.07288364410886877,0.10914196554750379,1.0449905544536342
vImage_02R_1stHO_17.png,1353.902105635971,237.8949347926517,0.2175403175699009,68,1,0.06935689012310946,3.6217938493189283,5.691176681908032
vImage_02R_1stHO_18.png,490.67592799830743,130.29965464267354,0.293878760710885,28,9,0.1023884741371302,66.71074675350295,3.7657500270734374
vImage_02R_1stHO_19.png,24276.050531976525,144.62710672622887,0.30655885035586605,148,4,0.2455078346095961,7126.658899536145,167.85270120856217
vImage_02R_1stHO_2.png,569.577997503724,70.3420215802759,0.35672935895684527,52,12,0.18256541693129374,96.3816467993487,8.09726511561384
vImage_02R_1stHO_20.png,2663.1761977903866,151.34397906755325,0.23095952765603284,47,1,0.04480758247526078,47.3433596963622,17.59684273004123
vImage_02R_1stHO_21.png,973.9025543315794,228.87769659798658,0.18378370437184105,80,1,0.10197097204493276,2.6398805210731173,4.255122140809533
vImage_02R_1stHO_22.png,248.35028842544432,229.57787349829687,0.045925388122891535,117,1,0.1919703126081807,0.050266073497729005,1.0817692691420748
vImage_02R_1stHO_23.png,214.9738085663024,146.4547711752676,0.23860708330636496,62,26,0.13694084561935005,9.993298527278505,1.4678511791810158
vImage_02R_1stHO_24.png,117.6101730552663,109.9317970379817,0.21984821814647929,58,58,0.21103789423228475,13.692585016329156,1.0698467251893617
vImage_02R_1stHO_25.png,177.6518036156091,156.46405337968207,0.21626937721189166,58,10,0.13100359016166088,2.4865041770717164,1.1354160893717355
vImage_02R_1stHO_26.png,117.367532368147,109.27488274987991,0.06066758241067098,22,1,0.07731666971240835,0.06557676614308805,1.0740577286803448
vImage_02R_1stHO_27.png,268.09087040059256,100.62305898749054,0.1719873651142377,44,1,0.08738285997322713,0.5597961147813117,2.664308490501383
vImage_02R_1stHO_28.png,136.5685424949238,126.49110640673517,0.07025622748198201,46,1,0.12932006131534474,0.07775289854016806,1.0796691275336339
vImage_02R_1stHO_29.png,1209.1053183144465,94.36630754670864,0.15712654519210079,75,1,0.09884834345882157,2.1367161834258104,12.812892119530838
vImage_02R_1stHO_3.png,199.50966799187844,183.87223825254318,0.21751335722957993,46,9,0.09049920925478298,2.138531000060607,1.0850450828681255
vImage_02R_1stHO_30.png,112.19595949289322,105.152270541344,0.21864689302691778,54,42,0.20764739514783181,9.925650196648101,1.0669856096809605
vImage_02R_1stHO_31.png,136.46803743153544,121.23530838827442,0.17758771388213668,41,1,0.12099598194769613,0.20337610901401953,1.1256459792594076
vImage_02R_1stHO_32.png,154.8822509939086,141.98943622678414,0.21437246921084696,60,43,0.1541556287275552,10.14542650145202,1.0908012251455959
vImage_02R_1stHO_33.png,138.32590180780448,99.84988733093293,0.21770781845141904,53,13,0.1456800883033542,4.016045567205977,1.385338586806316
vImage_02R_1stHO_34.png,3592.0965555942985,110.86027241532469,0.38435984661222306,143,1,0.05121376756135434,12.494095361570512,32.4020181200434
vImage_02R_1stHO_4.png,16799.44891926907,193.3416664870767,0.4022592430204262,272,4,0.19028009883178582,321.41821393531035,86.88995613054766
vImage_02R_1stHO_5.png,631.068047405311,47.38143096192854,0.3104395300135459,10,1,0.02604228400171645,51.04305341310532,13.318889585930416
vImage_02R_1stHO_6.png,205.05890639106397,111.50784725749125,0.16603158181417693,45,1,0.11359909954596795,0.37936334121211485,1.8389639064374264
vImage_02R_1stHO_7.png,418.61573330539557,150.74813431681335,0.26869205490660286,66,4,0.10438529965586654,4.82542706518306,2.776921486972633
vImage_02R_1stHO_8.png,150.30865786510137,141.4496376806954,0.2130138311761363,43,1,0.12298365210706004,0.22965905426192293,1.0626302076814371
vImage_02R_1stHO_9.png,1425.500858913292,30.4138126514911,0.1979448650799154,55,1,0.06281960209713941,19.784301977254763,46.87017952165244
